[{"model": "auth.permission", "pk": 1, "fields": {"name": "Can add log entry", "content_type": 1, "codename": "add_logentry"}}, {"model": "auth.permission", "pk": 2, "fields": {"name": "Can change log entry", "content_type": 1, "codename": "change_logentry"}}, {"model": "auth.permission", "pk": 3, "fields": {"name": "Can delete log entry", "content_type": 1, "codename": "delete_logentry"}}, {"model": "auth.permission", "pk": 4, "fields": {"name": "Can view log entry", "content_type": 1, "codename": "view_logentry"}}, {"model": "auth.permission", "pk": 5, "fields": {"name": "Can add permission", "content_type": 2, "codename": "add_permission"}}, {"model": "auth.permission", "pk": 6, "fields": {"name": "Can change permission", "content_type": 2, "codename": "change_permission"}}, {"model": "auth.permission", "pk": 7, "fields": {"name": "Can delete permission", "content_type": 2, "codename": "delete_permission"}}, {"model": "auth.permission", "pk": 8, "fields": {"name": "Can view permission", "content_type": 2, "codename": "view_permission"}}, {"model": "auth.permission", "pk": 9, "fields": {"name": "Can add group", "content_type": 3, "codename": "add_group"}}, {"model": "auth.permission", "pk": 10, "fields": {"name": "Can change group", "content_type": 3, "codename": "change_group"}}, {"model": "auth.permission", "pk": 11, "fields": {"name": "Can delete group", "content_type": 3, "codename": "delete_group"}}, {"model": "auth.permission", "pk": 12, "fields": {"name": "Can view group", "content_type": 3, "codename": "view_group"}}, {"model": "auth.permission", "pk": 13, "fields": {"name": "Can add content type", "content_type": 4, "codename": "add_contenttype"}}, {"model": "auth.permission", "pk": 14, "fields": {"name": "Can change content type", "content_type": 4, "codename": "change_contenttype"}}, {"model": "auth.permission", "pk": 15, "fields": {"name": "Can delete content type", "content_type": 4, "codename": "delete_contenttype"}}, {"model": "auth.permission", "pk": 16, "fields": {"name": "Can view content type", "content_type": 4, "codename": "view_contenttype"}}, {"model": "auth.permission", "pk": 17, "fields": {"name": "Can add session", "content_type": 5, "codename": "add_session"}}, {"model": "auth.permission", "pk": 18, "fields": {"name": "Can change session", "content_type": 5, "codename": "change_session"}}, {"model": "auth.permission", "pk": 19, "fields": {"name": "Can delete session", "content_type": 5, "codename": "delete_session"}}, {"model": "auth.permission", "pk": 20, "fields": {"name": "Can view session", "content_type": 5, "codename": "view_session"}}, {"model": "auth.permission", "pk": 21, "fields": {"name": "Can add user", "content_type": 6, "codename": "add_customer"}}, {"model": "auth.permission", "pk": 22, "fields": {"name": "Can change user", "content_type": 6, "codename": "change_customer"}}, {"model": "auth.permission", "pk": 23, "fields": {"name": "Can delete user", "content_type": 6, "codename": "delete_customer"}}, {"model": "auth.permission", "pk": 24, "fields": {"name": "Can view user", "content_type": 6, "codename": "view_customer"}}, {"model": "auth.permission", "pk": 25, "fields": {"name": "Can add category", "content_type": 7, "codename": "add_category"}}, {"model": "auth.permission", "pk": 26, "fields": {"name": "Can change category", "content_type": 7, "codename": "change_category"}}, {"model": "auth.permission", "pk": 27, "fields": {"name": "Can delete category", "content_type": 7, "codename": "delete_category"}}, {"model": "auth.permission", "pk": 28, "fields": {"name": "Can view category", "content_type": 7, "codename": "view_category"}}, {"model": "auth.permission", "pk": 29, "fields": {"name": "Can add products", "content_type": 8, "codename": "add_products"}}, {"model": "auth.permission", "pk": 30, "fields": {"name": "Can change products", "content_type": 8, "codename": "change_products"}}, {"model": "auth.permission", "pk": 31, "fields": {"name": "Can delete products", "content_type": 8, "codename": "delete_products"}}, {"model": "auth.permission", "pk": 32, "fields": {"name": "Can view products", "content_type": 8, "codename": "view_products"}}, {"model": "auth.permission", "pk": 33, "fields": {"name": "Can add order", "content_type": 9, "codename": "add_order"}}, {"model": "auth.permission", "pk": 34, "fields": {"name": "Can change order", "content_type": 9, "codename": "change_order"}}, {"model": "auth.permission", "pk": 35, "fields": {"name": "Can delete order", "content_type": 9, "codename": "delete_order"}}, {"model": "auth.permission", "pk": 36, "fields": {"name": "Can view order", "content_type": 9, "codename": "view_order"}}, {"model": "auth.permission", "pk": 37, "fields": {"name": "Can add event", "content_type": 10, "codename": "add_event"}}, {"model": "auth.permission", "pk": 38, "fields": {"name": "Can change event", "content_type": 10, "codename": "change_event"}}, {"model": "auth.permission", "pk": 39, "fields": {"name": "Can delete event", "content_type": 10, "codename": "delete_event"}}, {"model": "auth.permission", "pk": 40, "fields": {"name": "Can view event", "content_type": 10, "codename": "view_event"}}, {"model": "auth.permission", "pk": 41, "fields": {"name": "Can add event member", "content_type": 11, "codename": "add_eventmember"}}, {"model": "auth.permission", "pk": 42, "fields": {"name": "Can change event member", "content_type": 11, "codename": "change_eventmember"}}, {"model": "auth.permission", "pk": 43, "fields": {"name": "Can delete event member", "content_type": 11, "codename": "delete_eventmember"}}, {"model": "auth.permission", "pk": 44, "fields": {"name": "Can view event member", "content_type": 11, "codename": "view_eventmember"}}, {"model": "auth.permission", "pk": 45, "fields": {"name": "Can add article", "content_type": 12, "codename": "add_article"}}, {"model": "auth.permission", "pk": 46, "fields": {"name": "Can change article", "content_type": 12, "codename": "change_article"}}, {"model": "auth.permission", "pk": 47, "fields": {"name": "Can delete article", "content_type": 12, "codename": "delete_article"}}, {"model": "auth.permission", "pk": 48, "fields": {"name": "Can view article", "content_type": 12, "codename": "view_article"}}, {"model": "auth.permission", "pk": 49, "fields": {"name": "Can add user plant", "content_type": 13, "codename": "add_userplant"}}, {"model": "auth.permission", "pk": 50, "fields": {"name": "Can change user plant", "content_type": 13, "codename": "change_userplant"}}, {"model": "auth.permission", "pk": 51, "fields": {"name": "Can delete user plant", "content_type": 13, "codename": "delete_userplant"}}, {"model": "auth.permission", "pk": 52, "fields": {"name": "Can view user plant", "content_type": 13, "codename": "view_userplant"}}, {"model": "contenttypes.contenttype", "pk": 1, "fields": {"app_label": "admin", "model": "logentry"}}, {"model": "contenttypes.contenttype", "pk": 2, "fields": {"app_label": "auth", "model": "permission"}}, {"model": "contenttypes.contenttype", "pk": 3, "fields": {"app_label": "auth", "model": "group"}}, {"model": "contenttypes.contenttype", "pk": 4, "fields": {"app_label": "contenttypes", "model": "contenttype"}}, {"model": "contenttypes.contenttype", "pk": 5, "fields": {"app_label": "sessions", "model": "session"}}, {"model": "contenttypes.contenttype", "pk": 6, "fields": {"app_label": "store", "model": "customer"}}, {"model": "contenttypes.contenttype", "pk": 7, "fields": {"app_label": "store", "model": "category"}}, {"model": "contenttypes.contenttype", "pk": 8, "fields": {"app_label": "store", "model": "products"}}, {"model": "contenttypes.contenttype", "pk": 9, "fields": {"app_label": "store", "model": "order"}}, {"model": "contenttypes.contenttype", "pk": 10, "fields": {"app_label": "my_calendar", "model": "event"}}, {"model": "contenttypes.contenttype", "pk": 11, "fields": {"app_label": "my_calendar", "model": "eventmember"}}, {"model": "contenttypes.contenttype", "pk": 12, "fields": {"app_label": "dictionary", "model": "article"}}, {"model": "contenttypes.contenttype", "pk": 13, "fields": {"app_label": "dictionary", "model": "userplant"}}, {"model": "sessions.session", "pk": "02g0xdervo3h8iftmw4n40c1qv0m8jgf", "fields": {"session_data": "eyJjYXJ0Ijp7fX0:1pEtrE:ECgTqUHdC_fbuROSP5AH1hcUnTJrBRIecgd31-eP73Q", "expire_date": "2023-01-23T15:14:40.142Z"}}, {"model": "sessions.session", "pk": "9yjiasymzpxu31rzdgc1l21ocmffhl2a", "fields": {"session_data": "eyJjYXJ0Ijp7fX0:1pFIUw:coX3qqhpbes0gqGqyjQwfMof6LJToIfkAQcrji1HA6M", "expire_date": "2023-01-24T17:33:18.704Z"}}, {"model": "sessions.session", "pk": "tvvu1c1uicujd8mfhlcouj1t2x436x50", "fields": {"session_data": "e30:1pKeP9:FWo8M1pZc1vulwyiyWIL-_GD30Tacmcbv0iz6jR_l0I", "expire_date": "2023-02-08T11:57:27.816Z"}}, {"model": "store.customer", "pk": 1, "fields": {"password": "pbkdf2_sha256$390000$p7cc14ey2bJAtQKQKFHKXh$nKhm8PF/Yd6Kfo1dV5anbW24YbKFD7vTuinnxWUo6vM=", "last_login": "2023-01-18T12:47:10.011Z", "is_superuser": true, "username": "m4rny", "first_name": "Donald", "last_name": "Kaczynski", "is_staff": true, "is_active": true, "date_joined": "2023-01-04T23:11:51.589Z", "email": "marianek607@gmail.com", "status": "klient", "profile_pic": "profile_pic/avatar.png", "phone": "997997997", "address": "Żoliborz", "groups": [], "user_permissions": []}}, {"model": "store.customer", "pk": 2, "fields": {"password": "pbkdf2_sha256$390000$r8OiZlCh9fCHiwHvaPaSpC$TqM9ZB17jmkCy07bPi3Z1RpE4JI89SwMSWjGbiq4Nfg=", "last_login": "2023-01-09T21:55:45.043Z", "is_superuser": false, "username": "m4rny2", "first_name": "Marek", "last_name": "Zbyszkiemjest", "is_staff": false, "is_active": true, "date_joined": "2023-01-09T15:45:26.820Z", "email": "marianek6072@gmail.com", "status": "klient", "profile_pic": "profile_pic/avatar.png", "phone": "123123123", "address": "Biedakowo", "groups": [], "user_permissions": []}}, {"model": "store.customer", "pk": 3, "fields": {"password": "pbkdf2_sha256$390000$S1Wrlnh17XOWHX48j2zzCU$MBsGQUL2A0coFngopw8dYcVm6mTg+yOa0fHaVsYKrKA=", "last_login": "2023-01-25T11:43:35.650Z", "is_superuser": false, "username": "laminatowanie", "first_name": "UMarian", "last_name": "Mariankiewicz", "is_staff": false, "is_active": true, "date_joined": "2023-01-25T11:43:35.486Z", "email": "m4rny@costameee.pl", "status": "klient", "profile_pic": "profile_pic/avatar.png", "phone": "", "address": "", "groups": [], "user_permissions": []}}, {"model": "store.customer", "pk": 4, "fields": {"password": "pbkdf2_sha256$390000$jMJ4Rk4wR6tX1hp8B6yEXX$q3B0xN779u7psJn63hD9THMP/jVUi9LVvuh3lKny450=", "last_login": "2023-01-25T11:46:00.877Z", "is_superuser": false, "username": "grzebek", "first_name": "Marian", "last_name": "Marianowicz", "is_staff": false, "is_active": true, "date_joined": "2023-01-25T11:46:00.716Z", "email": "marianek607@jeeeeeee.com", "status": "klient", "profile_pic": "profile_pic/avatar.png", "phone": "", "address": "", "groups": [], "user_permissions": []}}, {"model": "store.customer", "pk": 5, "fields": {"password": "pbkdf2_sha256$390000$M5L1KVUgGnl6sEG3tTLRqd$jVkAIkILFT9izIg1j9gSRQM8gh3Iq+ITiPe0dpSWRk0=", "last_login": "2023-01-25T11:46:57.355Z", "is_superuser": false, "username": "oddajRower", "first_name": "Ryszard", "last_name": "Dran", "is_staff": false, "is_active": true, "date_joined": "2023-01-25T11:46:57.146Z", "email": "jasie@boje.com", "status": "klient", "profile_pic": "profile_pic/avatar.png", "phone": "", "address": "", "groups": [], "user_permissions": []}}, {"model": "store.customer", "pk": 6, "fields": {"password": "pbkdf2_sha256$390000$5JUthWB7h1fjlazaGEaHan$qSnchJuC/HCwwHamPdHBad+nc56y8LFORyN0CgQmudw=", "last_login": "2023-01-25T11:50:10.293Z", "is_superuser": false, "username": "tuitu", "first_name": "Ladna", "last_name": "Zgrabna", "is_staff": false, "is_active": true, "date_joined": "2023-01-25T11:50:10.125Z", "email": "jakjest@ladna.com", "status": "klient", "profile_pic": "profile_pic/avatar.png", "phone": "", "address": "", "groups": [], "user_permissions": []}}, {"model": "store.customer", "pk": 7, "fields": {"password": "pbkdf2_sha256$390000$zhxHxnf1beXKRf3yml3Dfc$BskExHhUec45aFEiv+n3BYlMwoP7GcDiAZELU1HT4zM=", "last_login": "2023-01-25T11:51:36.813Z", "is_superuser": false, "username": "Jurek13", "first_name": "Brykiet", "last_name": "Grill", "is_staff": false, "is_active": true, "date_joined": "2023-01-25T11:51:36.576Z", "email": "marian7@gail.com", "status": "klient", "profile_pic": "profile_pic/avatar.png", "phone": "", "address": "", "groups": [], "user_permissions": []}}, {"model": "store.customer", "pk": 8, "fields": {"password": "pbkdf2_sha256$390000$0oiXSSfg4a9kZbCe1GkUme$etbB8JsHX3qqonOl7nPXB4Atz9e+JHqJFDBeNAorkvQ=", "last_login": "2023-01-25T11:53:11.293Z", "is_superuser": false, "username": "JakoJastrzab", "first_name": "StojePrzed", "last_name": "Panstwem", "is_staff": false, "is_active": true, "date_joined": "2023-01-25T11:53:11.127Z", "email": "naczele@jastrzebi.com", "status": "klient", "profile_pic": "profile_pic/avatar.png", "phone": "", "address": "", "groups": [], "user_permissions": []}}, {"model": "store.customer", "pk": 9, "fields": {"password": "pbkdf2_sha256$390000$K3NUw6NoLWF6KvCHHIIYmj$+xAWRcqtA6SsR8IiA9KLRNPt8SB7AJuV6zYYt786lbI=", "last_login": "2023-01-25T11:56:14.682Z", "is_superuser": false, "username": "NaUkrainie", "first_name": "Leopard", "last_name": "Niemiecki", "is_staff": false, "is_active": true, "date_joined": "2023-01-25T11:56:14.519Z", "email": "strzelal@bedzie.com", "status": "klient", "profile_pic": "profile_pic/avatar.png", "phone": "", "address": "", "groups": [], "user_permissions": []}}, {"model": "store.customer", "pk": 10, "fields": {"password": "pbkdf2_sha256$390000$hFKPhtWkiCOvbqv5h5DnM1$p1CEs11SzAjW+sTxlv6rWA2LhcowNrAkkqaWEuyK18Y=", "last_login": "2023-01-25T11:57:10.582Z", "is_superuser": false, "username": "Pograca", "first_name": "Marek", "last_name": "Nocny", "is_staff": false, "is_active": true, "date_joined": "2023-01-25T11:57:10.386Z", "email": "sz@par.com", "status": "klient", "profile_pic": "profile_pic/avatar.png", "phone": "", "address": "", "groups": [], "user_permissions": []}}, {"model": "store.category", "pk": 1, "fields": {"title": "Nawozy i preparaty", "subtitle": "", "slug": "nawozy_i_preparaty", "publish_date": "2023-01-16T16:42:25.554Z", "parent": null}}, {"model": "store.category", "pk": 3, "fields": {"title": "Rośliny", "subtitle": "", "slug": "rosliny", "publish_date": "2023-01-16T16:50:32.303Z", "parent": null}}, {"model": "store.category", "pk": 5, "fields": {"title": "Nasiona", "subtitle": "", "slug": "nasiona", "publish_date": "2023-01-16T17:30:18.619Z", "parent": 3}}, {"model": "store.category", "pk": 6, "fields": {"title": "Rośliny pnące", "subtitle": "", "slug": "rosliny-pnace", "publish_date": "2023-01-18T10:46:16.862Z", "parent": 3}}, {"model": "store.category", "pk": 7, "fields": {"title": "Rośliny ozdobne", "subtitle": "", "slug": "rosliny-ozdobne", "publish_date": "2023-01-18T11:51:01.763Z", "parent": 3}}, {"model": "store.category", "pk": 8, "fields": {"title": "Rośliny owocowe", "subtitle": "", "slug": "rosliny-owocowe", "publish_date": "2023-01-25T09:30:00.908Z", "parent": 3}}, {"model": "store.category", "pk": 10, "fields": {"title": "Rośliny doniczkowe", "subtitle": "", "slug": "rosliny-doniczkowe", "publish_date": "2023-01-25T09:35:52.931Z", "parent": 3}}, {"model": "store.category", "pk": 11, "fields": {"title": "Drzew i krzewy iglaste", "subtitle": "", "slug": "drzew-i-krzewy-iglaste", "publish_date": "2023-01-25T09:41:57.790Z", "parent": 3}}, {"model": "store.category", "pk": 12, "fields": {"title": "Rośliny wodne", "subtitle": "", "slug": "rosliny-wodne", "publish_date": "2023-01-25T09:42:21.117Z", "parent": 3}}, {"model": "store.category", "pk": 13, "fields": {"title": "Rośliny skalne", "subtitle": "", "slug": "rosliny-skalne", "publish_date": "2023-01-25T09:42:43.994Z", "parent": 3}}, {"model": "store.products", "pk": 1, "fields": {"name": "Nawóz wapno Siarkopol", "price": 100, "category": 1, "description": "NAWÓZ JESIENNY NA ODKWASZANIE", "image": "uploads/products/Nawoz-Dolomit-Mielony-25kg-Wapno-Magnez-Odkwasza.webp"}}, {"model": "store.products", "pk": 2, "fields": {"name": "WAPNO GRANULOWANE NAWÓZ", "price": 31, "category": 1, "description": "Kreda granulowana, wapno granulowane 98% Reaktywność 100%", "image": "uploads/products/WAPNO-GRANULOWANE-NAWOZ-93-98-CaCO3-POLCALC-25KG.webp"}}, {"model": "store.products", "pk": 3, "fields": {"name": "Nawóz wapno Siarkopol", "price": 10, "category": 1, "description": "NAWÓZ JESIENNY", "image": "uploads/products/Nawoz-Dolomit-Mielony-25kg-Wapno-Magnez-Odkwasza_BOo2HXv.webp"}}, {"model": "store.products", "pk": 4, "fields": {"name": "WIECZORNIK DAMSKI", "price": 120, "category": 7, "description": "Wieczorniki to byliny od dawna uprawiane w ogrodach dla pięknie i silnie pachnących kwiatów, które wyrastają na szczytach.", "image": "uploads/products/WIECZORNIK-DAMSKI-PACHNACY-wysoka-bylina-do-90-cm.webp"}}, {"model": "store.products", "pk": 5, "fields": {"name": "asdasda", "price": 15, "category": 3, "description": "ASczxas", "image": "uploads/products/COS-witryna-1920x920.jpg"}}, {"model": "store.products", "pk": 6, "fields": {"name": "asdasda", "price": 15, "category": 3, "description": "ASczxas", "image": "uploads/products/COS-witryna-1920x920_WHLp9tQ.jpg"}}, {"model": "store.products", "pk": 7, "fields": {"name": "Czereśnia Regina START PACK", "price": 10, "category": 8, "description": "CZEREŚNIA DRZEWKO OWOCOWE SADZONKA DUŻE OWOCE", "image": "uploads/products/CZERESNIA-DRZEWKO-OWOCOWE-SADZONKA-DUZE-OWOCE.webp"}}, {"model": "store.products", "pk": 8, "fields": {"name": "CHAMEDORA Palma Koralowa Chamaedorea Elegans", "price": 10, "category": 10, "description": "CHAMEDORA Palma Koralowa Chamaedorea Elegans Duża", "image": "uploads/products/CHAMEDORA-Palma-Koralowa-Chamaedorea-Elegans-DUZA.webp"}}, {"model": "store.products", "pk": 9, "fields": {"name": "LILIA WODNA ALBA BIAŁA", "price": 30, "category": 12, "description": "WCZESNĄ WIOSNĄ ORAZ JESIENIĄ CZĘŚĆ ROŚLIN", "image": "uploads/products/LILIA-WODNA-ALBA-BIALA-ROSLINY-WODNE-DO-OCZKA.webp"}}, {"model": "store.products", "pk": 10, "fields": {"name": "HIBISKUS MEKSYKAŃSKI", "price": 30, "category": 13, "description": "mrozoodporny", "image": "uploads/products/HIBISKUS-MEKSYKANSKI-mrozoodporny-kwiat-GIGANT-mix.webp"}}, {"model": "store.order", "pk": 2, "fields": {"product": 1, "customer": 1, "email": "marianek607@gmail.com", "quantity": 1, "price": 100, "address": "Zoliborz", "phone": "987423123", "date": "2023-01-18", "status": "Do dostarczenia"}}, {"model": "store.order", "pk": 3, "fields": {"product": 1, "customer": 1, "email": "marianek607@gmail.com", "quantity": 1, "price": 100, "address": "Zoliborz", "phone": "987423123", "date": "2023-01-18", "status": "Do dostarczenia"}}, {"model": "store.order", "pk": 4, "fields": {"product": 2, "customer": 1, "email": "marianek607@gmail.com", "quantity": 1, "price": 31, "address": "Zoliborz", "phone": "987423123", "date": "2023-01-18", "status": "Zamówienie potwierdzone"}}, {"model": "store.order", "pk": 5, "fields": {"product": 4, "customer": 1, "email": "marianek607@gmail.com", "quantity": 1, "price": 120, "address": "Zoliborz", "phone": "987423123", "date": "2023-01-18", "status": "Oczekujące"}}, {"model": "store.order", "pk": 6, "fields": {"product": 1, "customer": 1, "email": "marianek607@gmail.com", "quantity": 1, "price": 100, "address": "Zoliborz", "phone": "987423123", "date": "2023-01-25", "status": "Dostarczono"}}, {"model": "store.order", "pk": 7, "fields": {"product": 7, "customer": 1, "email": "marianek607@gmail.com", "quantity": 1, "price": 10, "address": "Zoliborz", "phone": "987423123", "date": "2023-01-25", "status": "Do dostarczenia"}}, {"model": "store.order", "pk": 8, "fields": {"product": 8, "customer": 1, "email": "marianek607@gmail.com", "quantity": 1, "price": 10, "address": "Zoliborz", "phone": "987423123", "date": "2023-01-25", "status": "Oczekujące"}}, {"model": "store.order", "pk": 9, "fields": {"product": 9, "customer": 1, "email": "marianek607@gmail.com", "quantity": 1, "price": 30, "address": "Zoliborz", "phone": "987423123", "date": "2023-01-25", "status": "Oczekujące"}}, {"model": "store.order", "pk": 10, "fields": {"product": 4, "customer": 1, "email": "marianek6072@gmail.com", "quantity": 1, "price": 120, "address": "kapelan", "phone": "123123111", "date": "2023-01-25", "status": "Oczekujące"}}, {"model": "store.order", "pk": 11, "fields": {"product": 1, "customer": 1, "email": "marianek6072@gmail.com", "quantity": 1, "price": 100, "address": "kapelan", "phone": "123123111", "date": "2023-01-25", "status": "Oczekujące"}}, {"model": "store.order", "pk": 12, "fields": {"product": 4, "customer": 1, "email": "marianek6072@gmail.com", "quantity": 1, "price": 120, "address": "kapelan", "phone": "123123111", "date": "2023-01-25", "status": "Oczekujące"}}, {"model": "my_calendar.event", "pk": 1, "fields": {"is_active": true, "is_deleted": false, "created_at": "2023-01-09T19:38:09.388Z", "updated_at": "2023-01-09T19:38:09.388Z", "user": 2, "title": "aaaa", "description": "asdasdasd", "start_time": "2023-01-08T20:37:00Z", "end_time": "2023-01-11T20:38:00Z"}}, {"model": "my_calendar.event", "pk": 2, "fields": {"is_active": true, "is_deleted": false, "created_at": "2023-01-13T10:45:17.929Z", "updated_at": "2023-01-13T10:45:17.929Z", "user": 1, "title": "Fajne", "description": "Grzegorz fajny chlopak", "start_time": "2023-01-13T11:44:00Z", "end_time": "2023-01-23T11:45:00Z"}}, {"model": "my_calendar.event", "pk": 3, "fields": {"is_active": true, "is_deleted": false, "created_at": "2023-01-13T10:45:51.500Z", "updated_at": "2023-01-13T10:45:51.500Z", "user": 1, "title": "pen IS", "description": "halo my friend", "start_time": "2023-01-13T11:45:00Z", "end_time": "2023-01-15T11:45:00Z"}}, {"model": "my_calendar.event", "pk": 4, "fields": {"is_active": true, "is_deleted": false, "created_at": "2023-01-13T10:46:20.980Z", "updated_at": "2023-01-13T10:46:20.980Z", "user": 1, "title": "sss", "description": "ssss", "start_time": "2023-01-13T11:46:00Z", "end_time": "2023-01-13T16:46:00Z"}}, {"model": "my_calendar.event", "pk": 5, "fields": {"is_active": true, "is_deleted": false, "created_at": "2023-01-17T18:45:51.231Z", "updated_at": "2023-01-17T18:45:51.231Z", "user": 1, "title": "aaawkrotce", "description": "cosiktam", "start_time": "2023-01-28T19:45:00Z", "end_time": "2023-01-31T19:45:00Z"}}, {"model": "my_calendar.event", "pk": 6, "fields": {"is_active": true, "is_deleted": false, "created_at": "2023-01-25T10:20:27.100Z", "updated_at": "2023-01-25T10:20:27.100Z", "user": 1, "title": "podlewanie", "description": "cos podlac", "start_time": "2023-01-05T11:20:00Z", "end_time": "2023-01-20T11:20:00Z"}}, {"model": "dictionary.article", "pk": 1, "fields": {"title": "Winorośl A1704", "subtitle": "Winorośł", "slug": "winorosl-a1704", "content": "<p>asdasd</p>", "publish_date": "2023-01-23T23:49:46.996Z", "modified_date": "2023-01-23T23:49:46.996Z", "category": 7, "author": 1, "image": "Artykuly/rosliny-ozdobne/winorosl-a1704/WIECZORNIK-DAMSKI-PACHNACY-wysoka-bylina-do-90-cm_sAXtUPB.webp"}}, {"model": "dictionary.article", "pk": 2, "fields": {"title": "Hibiskus meksykański", "subtitle": "Mrozoodporny kwiat", "slug": "hibiskus-meksykanski", "content": "<h1 style=\"line-height: 1.3; font-size: 24px; color: #222222; font-family: 'Open Sans', sans-serif;\">Hibiscus moscheutos</h1>\r\n<ul style=\"color: #222222; font-family: 'Open Sans', sans-serif;\">\r\n<li><strong>kwiaty:&nbsp;</strong>amarantowe, czerwone, ciemnor&oacute;ż&oacute;we, r&oacute;żowe lub białe- średnicy do 20 cm</li>\r\n<li><strong>okres&nbsp;kwitnienia:&nbsp;</strong>VII- IX</li>\r\n<li><strong>liście:&nbsp;</strong>mięsiste, zielone, owalne</li>\r\n<li><strong>wysokość:</strong>&nbsp;200&nbsp;cm</li>\r\n<li><strong>stanowisko:&nbsp;</strong>słoneczne</li>\r\n<li><strong>gleba:</strong>&nbsp;pr&oacute;chniczna, umiarkowanie wilgotna,o odczynie&nbsp;zbliżonym&nbsp;do obojętnego</li>\r\n<li><strong>sadzimy:&nbsp;</strong>1 szt na m&sup2;</li>\r\n<li><strong>zastosowanie:</strong> na rabaty, do pojemnik&oacute;w</li>\r\n</ul>", "publish_date": "2023-01-25T09:48:51.442Z", "modified_date": "2023-01-25T09:48:51.442Z", "category": 13, "author": 1, "image": "Artykuly/rosliny-skalne/hibiskus-meksykanski/HIBISKUS-MEKSYKANSKI-mrozoodporny-kwiat-GIGANT-mix.webp"}}, {"model": "dictionary.article", "pk": 3, "fields": {"title": "Czereśnia Regina", "subtitle": "Czereśnia regina", "slug": "czeresnia-regina", "content": "<p style=\"color: #222222; font-family: 'Open Sans', sans-serif;\"><strong>Numer Produktu 10357</strong></p>\r\n<p style=\"color: #222222; font-family: 'Open Sans', sans-serif;\"><strong>➡️ Charakterystyka odmiany</strong></p>\r\n<ul>\r\n<li>Max. wysokość Sadzonki :<strong>140cm</strong></li>\r\n<li>Min. wysokość:<strong>100cm</strong></li>\r\n<li>Docelowa wysokość:&nbsp;<strong>od 3,5m do 4,5m</strong></li>\r\n<li>Dojrzałość zbiorcza:&nbsp;<strong>lato</strong></li>\r\n<li>Samopylność:&nbsp;<strong>obcopylne</strong></li>\r\n<li>Mrozoodporność:&nbsp;<strong>-30&deg;C</strong></li>\r\n<li>Odczyn gleby:&nbsp;<strong>obojętny</strong></li>\r\n<li>Stanowisko:&nbsp;<strong>słoneczne</strong></li>\r\n<li>Wymagania wodne:&nbsp;<strong>umiarkowana wilgotność<br /></strong></li>\r\n</ul>\r\n<p><strong><strong style=\"font-size: 12pt;\">➡️ Szczeg&oacute;łowe informacje o produkcie</strong></strong></p>\r\n<p style=\"font-weight: 400;\">Choroby i szkodniki czereśni&nbsp;</p>\r\n<div class=\"mp4t_16_s mryx_16_s mr3m_1 mli2_1 mh85_56 mh85_0_l\" style=\"flex: 1 1 auto; margin-top: 16px; margin-bottom: 16px; color: #222222; font-family: 'Open Sans', sans-serif; font-size: 14px;\">\r\n<div class=\"mg9e_8 mg9e_0_s mvrt_0_s mj7a_8 mj7a_0_s mh36_0_s mzmg_6m munh_16_l m3h2_16_l\" style=\"padding: 0px; text-align: center;\">\r\n<div class=\"mp4t_0 mryx_0 munh_56 m3h2_56\" style=\"margin: 0px auto; max-width: 1200px; max-height: 1200px;\">\r\n<div class=\"mp7g_oh\" style=\"position: relative; padding-top: 510.656px;\"><img class=\"msub_k4 mupj_5k mjru_k4 mse2_k4 mp7g_f6 mq1m_0 mj7u_0 m7er_k4 lazyloaded\" style=\"height: 510.656px; max-height: 100%; position: absolute; top: 0px; left: 0px; vertical-align: middle; width: 510.656px; max-width: 100%;\" src=\"https://a.allegroimg.com/original/11d3fc/baf2405c44e5a151433549c56e6a/CZERESNIA-DRZEWKO-OWOCOWE-SADZONKA-DUZE-OWOCE-Producent-inna\" sizes=\"(min-width: 1200px) 560px, (min-width: 992px) 50vw, 100vw\" srcset=\"https://a.allegroimg.com/s360/11d3fc/baf2405c44e5a151433549c56e6a/CZERESNIA-DRZEWKO-OWOCOWE-SADZONKA-DUZE-OWOCE-Producent-inna 360w,https://a.allegroimg.com/s720/11d3fc/baf2405c44e5a151433549c56e6a/CZERESNIA-DRZEWKO-OWOCOWE-SADZONKA-DUZE-OWOCE-Producent-inna 720w,https://a.allegroimg.com/s1024/11d3fc/baf2405c44e5a151433549c56e6a/CZERESNIA-DRZEWKO-OWOCOWE-SADZONKA-DUZE-OWOCE-Producent-inna 1024w,https://a.allegroimg.com/s1440/11d3fc/baf2405c44e5a151433549c56e6a/CZERESNIA-DRZEWKO-OWOCOWE-SADZONKA-DUZE-OWOCE-Producent-inna 1200w,https://a.allegroimg.com/original/11d3fc/baf2405c44e5a151433549c56e6a/CZERESNIA-DRZEWKO-OWOCOWE-SADZONKA-DUZE-OWOCE-Producent-inna 1200w\" alt=\"CZEREŚNIA DRZEWKO OWOCOWE SADZONKA DUŻE OWOCE Producent inna\" width=\"1200px\" data-src=\"https://a.allegroimg.com/original/11d3fc/baf2405c44e5a151433549c56e6a/CZERESNIA-DRZEWKO-OWOCOWE-SADZONKA-DUZE-OWOCE-Producent-inna\" data-srcset=\"https://a.allegroimg.com/s360/11d3fc/baf2405c44e5a151433549c56e6a/CZERESNIA-DRZEWKO-OWOCOWE-SADZONKA-DUZE-OWOCE-Producent-inna 360w,https://a.allegroimg.com/s720/11d3fc/baf2405c44e5a151433549c56e6a/CZERESNIA-DRZEWKO-OWOCOWE-SADZONKA-DUZE-OWOCE-Producent-inna 720w,https://a.allegroimg.com/s1024/11d3fc/baf2405c44e5a151433549c56e6a/CZERESNIA-DRZEWKO-OWOCOWE-SADZONKA-DUZE-OWOCE-Producent-inna 1024w,https://a.allegroimg.com/s1440/11d3fc/baf2405c44e5a151433549c56e6a/CZERESNIA-DRZEWKO-OWOCOWE-SADZONKA-DUZE-OWOCE-Producent-inna 1200w,https://a.allegroimg.com/original/11d3fc/baf2405c44e5a151433549c56e6a/CZERESNIA-DRZEWKO-OWOCOWE-SADZONKA-DUZE-OWOCE-Producent-inna 1200w\" /></div>\r\n</div>\r\n</div>\r\n</div>\r\n<div class=\"mp4t_16_s mryx_16_s mr3m_1 mli2_1 mh85_56 mh85_0_l\" style=\"flex: 1 1 auto; margin-top: 16px; margin-bottom: 16px; color: #222222; font-family: 'Open Sans', sans-serif; font-size: 14px;\">\r\n<div class=\"mgn2_16 _0d3bd_r3bCg\" style=\"font-size: 16px;\">\r\n<p><strong>Dojrzałość zbiorcza:</strong>&nbsp;połowa lipca</p>\r\n<p><strong>Odmiana:</strong>&nbsp;p&oacute;źna</p>\r\n<p><strong>Pochodzenie:</strong>&nbsp;Niemcy</p>\r\n</div>\r\n</div>", "publish_date": "2023-01-25T09:55:26.997Z", "modified_date": "2023-01-25T09:55:26.997Z", "category": 8, "author": 1, "image": "Artykuly/rosliny-owocowe/czeresnia-regina/CZERESNIA-DRZEWKO-OWOCOWE-SADZONKA-DUZE-OWOCE.webp"}}, {"model": "dictionary.article", "pk": 4, "fields": {"title": "Lagotis stolonifera", "subtitle": "Bardzo rzadka i poszukiwana bylina.  Idealna do ogródków skalnych, gdzie szybko rozrasta się w kobierce.", "slug": "lagotis-stolonifera", "content": "<ul style=\"color: #222222; font-family: 'Open Sans', sans-serif;\">\r\n<li><strong>kwiaty:&nbsp;</strong>fioletowoniebieskie, zebrane w kr&oacute;tkie kłosy</li>\r\n<li><strong>liście:&nbsp;</strong>zielone, odziomkowe, mięsiste</li>\r\n<li><strong>okres kwitnienia</strong>:&nbsp;wiosną</li>\r\n<li><strong>wysokość</strong>:&nbsp;10-15 cm</li>\r\n<li><strong>stanowisko:</strong>&nbsp;słoneczne, ciepłe</li>\r\n<li><strong>gleba:</strong>&nbsp;lekka, przepuszczalna i średniowilgotna</li>\r\n<li><strong>sadzimy:</strong>&nbsp;co 15 cm</li>\r\n<li>całkowicie odporna na&nbsp;<strong>niskie temperatury</strong>, niczym nie musimy okrywać na zimę</li>\r\n</ul>", "publish_date": "2023-01-25T10:01:40.417Z", "modified_date": "2023-01-25T10:01:40.417Z", "category": 13, "author": 1, "image": "Artykuly/rosliny-skalne/lagotis-stolonifera/Bardzo-rzadka-i-poszukiwana-LAGOTIS-STOLONIFERA.webp"}}, {"model": "dictionary.article", "pk": 5, "fields": {"title": "Chamaedorea Elegans", "subtitle": "Chamaedorea Elegans", "slug": "chamaedorea-elegans", "content": "<div class=\"mpof_ki myre_zn myre_8v_l _0d3bd_SI-b1\" style=\"display: flex; flex-direction: column; color: #222222; font-family: 'Open Sans', sans-serif; font-size: 14px;\">\r\n<div class=\"mp4t_16_s mryx_16_s mr3m_1 mli2_1 mh85_56 mh85_0_l\" style=\"flex: 1 1 auto; margin-top: 16px; margin-bottom: 16px;\">\r\n<div class=\"mgn2_16 _0d3bd_r3bCg\" style=\"font-size: 16px;\">\r\n<h1 style=\"line-height: 1.3; font-size: 24px;\">Chamaedorea Elegans</h1>\r\n<p>Chamedora potocznie znana pod nazwą Palma Koralowa. To niezwykle okazała roślina o jasnozielonym, gęstym ulistnieniu. Niewielkie wymagania uprawowe sprawiają, że jest często uprawiana jako roślina domowa. Jest rośliną długowieczną, a przy optymalnych warunkach dorasta do 1,5 m wysokości. Niezwykle modna, stanie się piękną ozdobną Twojego wnętrza.</p>\r\n<h1 style=\"line-height: 1.3; font-size: 24px;\">Zalety:</h1>\r\n<ul>\r\n<li>efektowne, gęste ulistnienie</li>\r\n<li>oczyszcza powietrze</li>\r\n<li>łatwa uprawa</li>\r\n<li>wzrost do 150 cm wysokości</li>\r\n</ul>\r\n</div>\r\n</div>\r\n</div>\r\n<div class=\"mpof_ki myre_zn myre_8v_l _0d3bd_SI-b1\" style=\"display: flex; flex-direction: column; color: #222222; font-family: 'Open Sans', sans-serif; font-size: 14px;\">\r\n<div class=\"mp4t_16_s mryx_16_s mr3m_1 mli2_1 mh85_56 mh85_0_l\" style=\"flex: 1 1 auto; margin-top: 16px; margin-bottom: 16px;\">\r\n<div class=\"mg9e_8 mg9e_0_s mvrt_0_s mj7a_8 mj7a_0_s mh36_0_s mzmg_6m munh_16_l m3h2_16_l\" style=\"padding: 0px; text-align: center;\">\r\n<div class=\"mp4t_0 mryx_0 munh_56 m3h2_56\" style=\"margin: 0px auto; max-width: 564px; max-height: 564px;\">\r\n<div class=\"mp7g_oh\" style=\"position: relative; padding-top: 510.656px;\"><img class=\"msub_k4 mupj_5k mjru_k4 mse2_k4 mp7g_f6 mq1m_0 mj7u_0 m7er_k4 lazyloaded\" style=\"height: 510.656px; max-height: 100%; position: absolute; top: 0px; left: 0px; vertical-align: middle; width: 510.656px; max-width: 100%;\" src=\"https://a.allegroimg.com/original/11430d/6c85aad1469bb50ce6c950bd9b64/CHAMEDORA-Palma-Koralowa-Chamaedorea-Elegans-DUZA-Kod-producenta-CHAMEDORA-Palma-Chamaedorea-Elegans\" sizes=\"(min-width: 1200px) 560px, (min-width: 992px) 50vw, 100vw\" srcset=\"https://a.allegroimg.com/s360/11430d/6c85aad1469bb50ce6c950bd9b64/CHAMEDORA-Palma-Koralowa-Chamaedorea-Elegans-DUZA-Kod-producenta-CHAMEDORA-Palma-Chamaedorea-Elegans 360w,https://a.allegroimg.com/s720/11430d/6c85aad1469bb50ce6c950bd9b64/CHAMEDORA-Palma-Koralowa-Chamaedorea-Elegans-DUZA-Kod-producenta-CHAMEDORA-Palma-Chamaedorea-Elegans 564w,https://a.allegroimg.com/original/11430d/6c85aad1469bb50ce6c950bd9b64/CHAMEDORA-Palma-Koralowa-Chamaedorea-Elegans-DUZA-Kod-producenta-CHAMEDORA-Palma-Chamaedorea-Elegans 564w\" alt=\"CHAMEDORA Palma Koralowa Chamaedorea Elegans DUŻA Kod producenta CHAMEDORA Palma Chamaedorea Elegans\" width=\"564px\" data-src=\"https://a.allegroimg.com/original/11430d/6c85aad1469bb50ce6c950bd9b64/CHAMEDORA-Palma-Koralowa-Chamaedorea-Elegans-DUZA-Kod-producenta-CHAMEDORA-Palma-Chamaedorea-Elegans\" data-srcset=\"https://a.allegroimg.com/s360/11430d/6c85aad1469bb50ce6c950bd9b64/CHAMEDORA-Palma-Koralowa-Chamaedorea-Elegans-DUZA-Kod-producenta-CHAMEDORA-Palma-Chamaedorea-Elegans 360w,https://a.allegroimg.com/s720/11430d/6c85aad1469bb50ce6c950bd9b64/CHAMEDORA-Palma-Koralowa-Chamaedorea-Elegans-DUZA-Kod-producenta-CHAMEDORA-Palma-Chamaedorea-Elegans 564w,https://a.allegroimg.com/original/11430d/6c85aad1469bb50ce6c950bd9b64/CHAMEDORA-Palma-Koralowa-Chamaedorea-Elegans-DUZA-Kod-producenta-CHAMEDORA-Palma-Chamaedorea-Elegans 564w\" /></div>\r\n</div>\r\n</div>\r\n</div>\r\n<div class=\"mp4t_16_s mryx_16_s mr3m_1 mli2_1 mh85_56 mh85_0_l\" style=\"flex: 1 1 auto; margin-top: 16px; margin-bottom: 16px;\">\r\n<div class=\"mg9e_8 mg9e_0_s mvrt_0_s mj7a_8 mj7a_0_s mh36_0_s mzmg_6m munh_16_l m3h2_16_l\" style=\"padding: 0px; text-align: center;\">\r\n<div class=\"mp4t_0 mryx_0 munh_56 m3h2_56\" style=\"margin: 0px auto; max-width: 564px; max-height: 564px;\">\r\n<div class=\"mp7g_oh\" style=\"position: relative; padding-top: 510.656px;\"><img class=\"msub_k4 mupj_5k mjru_k4 mse2_k4 mp7g_f6 mq1m_0 mj7u_0 m7er_k4 lazyloaded\" style=\"height: 510.656px; max-height: 100%; position: absolute; top: 0px; left: 0px; vertical-align: middle; width: 510.656px; max-width: 100%;\" src=\"https://a.allegroimg.com/original/11a7df/82714ba5450bb4e877e5a95c82cd/CHAMEDORA-Palma-Koralowa-Chamaedorea-Elegans-DUZA-Nazwa-lacinska-chamaedorea-elegans\" sizes=\"(min-width: 1200px) 560px, (min-width: 992px) 50vw, 100vw\" srcset=\"https://a.allegroimg.com/s360/11a7df/82714ba5450bb4e877e5a95c82cd/CHAMEDORA-Palma-Koralowa-Chamaedorea-Elegans-DUZA-Nazwa-lacinska-chamaedorea-elegans 360w,https://a.allegroimg.com/s720/11a7df/82714ba5450bb4e877e5a95c82cd/CHAMEDORA-Palma-Koralowa-Chamaedorea-Elegans-DUZA-Nazwa-lacinska-chamaedorea-elegans 564w,https://a.allegroimg.com/original/11a7df/82714ba5450bb4e877e5a95c82cd/CHAMEDORA-Palma-Koralowa-Chamaedorea-Elegans-DUZA-Nazwa-lacinska-chamaedorea-elegans 564w\" alt=\"CHAMEDORA Palma Koralowa Chamaedorea Elegans DUŻA Nazwa łacińska chamaedorea elegans\" width=\"564px\" data-src=\"https://a.allegroimg.com/original/11a7df/82714ba5450bb4e877e5a95c82cd/CHAMEDORA-Palma-Koralowa-Chamaedorea-Elegans-DUZA-Nazwa-lacinska-chamaedorea-elegans\" data-srcset=\"https://a.allegroimg.com/s360/11a7df/82714ba5450bb4e877e5a95c82cd/CHAMEDORA-Palma-Koralowa-Chamaedorea-Elegans-DUZA-Nazwa-lacinska-chamaedorea-elegans 360w,https://a.allegroimg.com/s720/11a7df/82714ba5450bb4e877e5a95c82cd/CHAMEDORA-Palma-Koralowa-Chamaedorea-Elegans-DUZA-Nazwa-lacinska-chamaedorea-elegans 564w,https://a.allegroimg.com/original/11a7df/82714ba5450bb4e877e5a95c82cd/CHAMEDORA-Palma-Koralowa-Chamaedorea-Elegans-DUZA-Nazwa-lacinska-chamaedorea-elegans 564w\" /></div>\r\n</div>\r\n</div>\r\n</div>\r\n</div>\r\n<div class=\"mpof_ki myre_zn myre_8v_l _0d3bd_SI-b1\" style=\"display: flex; flex-direction: column; color: #222222; font-family: 'Open Sans', sans-serif; font-size: 14px;\">\r\n<div class=\"mp4t_16_s mryx_16_s mr3m_1 mli2_1 mh85_56 mh85_0_l\" style=\"flex: 1 1 auto; margin-top: 16px; margin-bottom: 16px;\">\r\n<div class=\"mgn2_16 _0d3bd_r3bCg\" style=\"font-size: 16px;\">\r\n<h1 style=\"line-height: 1.3; font-size: 24px;\">Uprawa:</h1>\r\n<p>Gatunek ten nie lubi bezpośredniego nasłonecznienia, dlatego miejsce do uprawy powinny być jasne, ale osłonięte od bezpośredniego słońca. W okresie wegetacji (wiosna, lato, jesień) odpowiednia jest temperatura pokojowa. W okresie spoczynku temperatura nie powinna być wyższa niż 12-14C. Należy zadbać o umiarkowaną wilgotność podłoża, palma lepiej znosi okresowe przesuszenie niż nadmiar wody. Przesadzamy dopiero, gdy Chamedora przestaje mieścić się w aktualnej donicy.</p>\r\n<h1 style=\"line-height: 1.3; font-size: 24px;\">Wymagania:</h1>\r\n<ul>\r\n<li>stanowisko p&oacute;łcieniste, osłonięte od bezpośredniego słońca</li>\r\n<li>optymalna temperatura w granicach 20 st C</li>\r\n<li>umiarkowana wilgotność</li>\r\n<li>ciasna donica do uprawy</li>\r\n<li>podłoże lekkie i przepuszczalne</li>\r\n<li>nawożenie od wiosny do jesieni</li>\r\n</ul>\r\n</div>\r\n</div>\r\n<div class=\"mp4t_16_s mryx_16_s mr3m_1 mli2_1 mh85_56 mh85_0_l\" style=\"flex: 1 1 auto; margin-top: 16px; margin-bottom: 16px;\">\r\n<div class=\"mg9e_8 mg9e_0_s mvrt_0_s mj7a_8 mj7a_0_s mh36_0_s mzmg_6m munh_16_l m3h2_16_l\" style=\"padding: 0px; text-align: center;\">\r\n<div class=\"mp4t_0 mryx_0 munh_56 m3h2_56\" style=\"margin: 0px auto; max-width: 800px; max-height: 800px;\">\r\n<div class=\"mp7g_oh\" style=\"position: relative; padding-top: 510.656px;\"><img class=\"msub_k4 mupj_5k mjru_k4 mse2_k4 mp7g_f6 mq1m_0 mj7u_0 m7er_k4 lazyloaded\" style=\"height: 510.656px; max-height: 100%; position: absolute; top: 0px; left: 0px; vertical-align: middle; width: 510.656px; max-width: 100%;\" src=\"https://a.allegroimg.com/original/11b2ec/22616ae6449d96cde0f9306f6951/CHAMEDORA-Palma-Koralowa-Chamaedorea-Elegans-DUZA-Odmiana-Chamaedorea-Elegans\" sizes=\"(min-width: 1200px) 560px, (min-width: 992px) 50vw, 100vw\" srcset=\"https://a.allegroimg.com/s360/11b2ec/22616ae6449d96cde0f9306f6951/CHAMEDORA-Palma-Koralowa-Chamaedorea-Elegans-DUZA-Odmiana-Chamaedorea-Elegans 360w,https://a.allegroimg.com/s720/11b2ec/22616ae6449d96cde0f9306f6951/CHAMEDORA-Palma-Koralowa-Chamaedorea-Elegans-DUZA-Odmiana-Chamaedorea-Elegans 720w,https://a.allegroimg.com/s1024/11b2ec/22616ae6449d96cde0f9306f6951/CHAMEDORA-Palma-Koralowa-Chamaedorea-Elegans-DUZA-Odmiana-Chamaedorea-Elegans 800w,https://a.allegroimg.com/original/11b2ec/22616ae6449d96cde0f9306f6951/CHAMEDORA-Palma-Koralowa-Chamaedorea-Elegans-DUZA-Odmiana-Chamaedorea-Elegans 800w\" alt=\"CHAMEDORA Palma Koralowa Chamaedorea Elegans DUŻA Odmiana Chamaedorea Elegans\" width=\"800px\" data-src=\"https://a.allegroimg.com/original/11b2ec/22616ae6449d96cde0f9306f6951/CHAMEDORA-Palma-Koralowa-Chamaedorea-Elegans-DUZA-Odmiana-Chamaedorea-Elegans\" data-srcset=\"https://a.allegroimg.com/s360/11b2ec/22616ae6449d96cde0f9306f6951/CHAMEDORA-Palma-Koralowa-Chamaedorea-Elegans-DUZA-Odmiana-Chamaedorea-Elegans 360w,https://a.allegroimg.com/s720/11b2ec/22616ae6449d96cde0f9306f6951/CHAMEDORA-Palma-Koralowa-Chamaedorea-Elegans-DUZA-Odmiana-Chamaedorea-Elegans 720w,https://a.allegroimg.com/s1024/11b2ec/22616ae6449d96cde0f9306f6951/CHAMEDORA-Palma-Koralowa-Chamaedorea-Elegans-DUZA-Odmiana-Chamaedorea-Elegans 800w,https://a.allegroimg.com/original/11b2ec/22616ae6449d96cde0f9306f6951/CHAMEDORA-Palma-Koralowa-Chamaedorea-Elegans-DUZA-Odmiana-Chamaedorea-Elegans 800w\" /></div>\r\n</div>\r\n</div>\r\n</div>\r\n</div>", "publish_date": "2023-01-25T10:05:54.841Z", "modified_date": "2023-01-25T10:05:54.841Z", "category": 10, "author": 1, "image": "Artykuly/rosliny-doniczkowe/chamaedorea-elegans/CHAMEDORA-Palma-Koralowa-Chamaedorea-Elegans-DUZA.webp"}}, {"model": "dictionary.article", "pk": 6, "fields": {"title": "Bananowiec karłowaty", "subtitle": "bananowiec", "slug": "bananowiec-karowaty", "content": "<div class=\"mpof_ki myre_zn myre_8v_l _0d3bd_SI-b1\" style=\"display: flex; flex-direction: column; color: #222222; font-family: 'Open Sans', sans-serif; font-size: 14px;\">\r\n<div class=\"mp4t_16_s mryx_16_s mr3m_1 mli2_1 mh85_56 mh85_0_l\" style=\"flex: 1 1 auto; margin-top: 16px; margin-bottom: 16px;\">\r\n<div class=\"mgn2_16 _0d3bd_r3bCg\" style=\"font-size: 16px;\">\r\n<p>🍌<strong>BANANOWIEC KARŁOWATY</strong></p>\r\n<p>🍌 Szybko rośnie, a jego liście są niebywale ozdobne.</p>\r\n<p>🍌 Prosta w uprawie roślina</p>\r\n<p>🍌Od wiosny do jesieni może być uprawiany na zewnątrz</p>\r\n<p>🍌 Za kilka lat możemy cieszyć się pysznymi mini bananami !</p>\r\n</div>\r\n</div>\r\n</div>\r\n<div class=\"mpof_ki myre_zn myre_8v_l _0d3bd_SI-b1\" style=\"display: flex; flex-direction: column; color: #222222; font-family: 'Open Sans', sans-serif; font-size: 14px;\">\r\n<div class=\"mp4t_16_s mryx_16_s mr3m_1 mli2_1 mh85_56 mh85_0_l\" style=\"flex: 1 1 auto; margin-top: 16px; margin-bottom: 16px;\">\r\n<div class=\"mg9e_8 mg9e_0_s mvrt_0_s mj7a_8 mj7a_0_s mh36_0_s mzmg_6m munh_16_l m3h2_16_l\" style=\"padding: 0px; text-align: center;\">\r\n<div class=\"mp4t_0 mryx_0 munh_56 m3h2_56\" style=\"margin: 0px auto; max-width: 1000px; max-height: 1000px;\">\r\n<div class=\"mp7g_oh\" style=\"position: relative; padding-top: 510.656px;\"><img class=\"msub_k4 mupj_5k mjru_k4 mse2_k4 mp7g_f6 mq1m_0 mj7u_0 m7er_k4 lazyloaded\" style=\"height: 510.656px; max-height: 100%; position: absolute; top: 0px; left: 0px; vertical-align: middle; width: 510.656px; max-width: 100%;\" src=\"https://a.allegroimg.com/original/1152a2/8908877f4adb97a0b0463ca4451f/Banan-bananowiec-karlowaty-MUSA-jadalne-banany-EAN-GTIN-5903999110604\" sizes=\"(min-width: 1200px) 560px, (min-width: 992px) 50vw, 100vw\" srcset=\"https://a.allegroimg.com/s360/1152a2/8908877f4adb97a0b0463ca4451f/Banan-bananowiec-karlowaty-MUSA-jadalne-banany-EAN-GTIN-5903999110604 360w,https://a.allegroimg.com/s720/1152a2/8908877f4adb97a0b0463ca4451f/Banan-bananowiec-karlowaty-MUSA-jadalne-banany-EAN-GTIN-5903999110604 720w,https://a.allegroimg.com/s1024/1152a2/8908877f4adb97a0b0463ca4451f/Banan-bananowiec-karlowaty-MUSA-jadalne-banany-EAN-GTIN-5903999110604 1000w,https://a.allegroimg.com/original/1152a2/8908877f4adb97a0b0463ca4451f/Banan-bananowiec-karlowaty-MUSA-jadalne-banany-EAN-GTIN-5903999110604 1000w\" alt=\"Banan bananowiec karłowaty MUSA - jadalne banany EAN (GTIN) 5903999110604\" width=\"1000px\" data-src=\"https://a.allegroimg.com/original/1152a2/8908877f4adb97a0b0463ca4451f/Banan-bananowiec-karlowaty-MUSA-jadalne-banany-EAN-GTIN-5903999110604\" data-srcset=\"https://a.allegroimg.com/s360/1152a2/8908877f4adb97a0b0463ca4451f/Banan-bananowiec-karlowaty-MUSA-jadalne-banany-EAN-GTIN-5903999110604 360w,https://a.allegroimg.com/s720/1152a2/8908877f4adb97a0b0463ca4451f/Banan-bananowiec-karlowaty-MUSA-jadalne-banany-EAN-GTIN-5903999110604 720w,https://a.allegroimg.com/s1024/1152a2/8908877f4adb97a0b0463ca4451f/Banan-bananowiec-karlowaty-MUSA-jadalne-banany-EAN-GTIN-5903999110604 1000w,https://a.allegroimg.com/original/1152a2/8908877f4adb97a0b0463ca4451f/Banan-bananowiec-karlowaty-MUSA-jadalne-banany-EAN-GTIN-5903999110604 1000w\" /></div>\r\n</div>\r\n</div>\r\n</div>\r\n<div class=\"mp4t_16_s mryx_16_s mr3m_1 mli2_1 mh85_56 mh85_0_l\" style=\"flex: 1 1 auto; margin-top: 16px; margin-bottom: 16px;\">\r\n<div class=\"mg9e_8 mg9e_0_s mvrt_0_s mj7a_8 mj7a_0_s mh36_0_s mzmg_6m munh_16_l m3h2_16_l\" style=\"padding: 0px; text-align: center;\">\r\n<div class=\"mp4t_0 mryx_0 munh_56 m3h2_56\" style=\"margin: 0px auto; max-width: 1000px; max-height: 1000px;\">\r\n<div class=\"mp7g_oh\" style=\"position: relative; padding-top: 510.656px;\"><img class=\"msub_k4 mupj_5k mjru_k4 mse2_k4 mp7g_f6 mq1m_0 mj7u_0 m7er_k4 lazyloaded\" style=\"height: 510.656px; max-height: 100%; position: absolute; top: 0px; left: 0px; vertical-align: middle; width: 510.656px; max-width: 100%;\" src=\"https://a.allegroimg.com/original/1103bf/f5259b4940839d68b751835a2cf1/Banan-bananowiec-karlowaty-MUSA-jadalne-banany-Kod-producenta-9D62-4344C_20210212071034\" sizes=\"(min-width: 1200px) 560px, (min-width: 992px) 50vw, 100vw\" srcset=\"https://a.allegroimg.com/s360/1103bf/f5259b4940839d68b751835a2cf1/Banan-bananowiec-karlowaty-MUSA-jadalne-banany-Kod-producenta-9D62-4344C_20210212071034 360w,https://a.allegroimg.com/s720/1103bf/f5259b4940839d68b751835a2cf1/Banan-bananowiec-karlowaty-MUSA-jadalne-banany-Kod-producenta-9D62-4344C_20210212071034 720w,https://a.allegroimg.com/s1024/1103bf/f5259b4940839d68b751835a2cf1/Banan-bananowiec-karlowaty-MUSA-jadalne-banany-Kod-producenta-9D62-4344C_20210212071034 1000w,https://a.allegroimg.com/original/1103bf/f5259b4940839d68b751835a2cf1/Banan-bananowiec-karlowaty-MUSA-jadalne-banany-Kod-producenta-9D62-4344C_20210212071034 1000w\" alt=\"Banan bananowiec karłowaty MUSA - jadalne banany Kod producenta 9D62-4344C_20210212071034\" width=\"1000px\" data-src=\"https://a.allegroimg.com/original/1103bf/f5259b4940839d68b751835a2cf1/Banan-bananowiec-karlowaty-MUSA-jadalne-banany-Kod-producenta-9D62-4344C_20210212071034\" data-srcset=\"https://a.allegroimg.com/s360/1103bf/f5259b4940839d68b751835a2cf1/Banan-bananowiec-karlowaty-MUSA-jadalne-banany-Kod-producenta-9D62-4344C_20210212071034 360w,https://a.allegroimg.com/s720/1103bf/f5259b4940839d68b751835a2cf1/Banan-bananowiec-karlowaty-MUSA-jadalne-banany-Kod-producenta-9D62-4344C_20210212071034 720w,https://a.allegroimg.com/s1024/1103bf/f5259b4940839d68b751835a2cf1/Banan-bananowiec-karlowaty-MUSA-jadalne-banany-Kod-producenta-9D62-4344C_20210212071034 1000w,https://a.allegroimg.com/original/1103bf/f5259b4940839d68b751835a2cf1/Banan-bananowiec-karlowaty-MUSA-jadalne-banany-Kod-producenta-9D62-4344C_20210212071034 1000w\" /></div>\r\n</div>\r\n</div>\r\n</div>\r\n</div>\r\n<div class=\"mpof_ki myre_zn myre_8v_l _0d3bd_SI-b1\" style=\"display: flex; flex-direction: column; color: #222222; font-family: 'Open Sans', sans-serif; font-size: 14px;\">\r\n<div class=\"mp4t_16_s mryx_16_s mr3m_1 mli2_1 mh85_56 mh85_0_l\" style=\"flex: 1 1 auto; margin-top: 16px; margin-bottom: 16px;\">\r\n<div class=\"mg9e_8 mg9e_0_s mvrt_0_s mj7a_8 mj7a_0_s mh36_0_s mzmg_6m munh_16_l m3h2_16_l\" style=\"padding: 0px; text-align: center;\">\r\n<div class=\"mp4t_0 mryx_0 munh_56 m3h2_56\" style=\"margin: 0px auto; max-width: 480px; max-height: 480px;\">\r\n<div class=\"mp7g_oh\" style=\"position: relative; padding-top: 480px;\"><img class=\"msub_k4 mupj_5k mjru_k4 mse2_k4 mp7g_f6 mq1m_0 mj7u_0 m7er_k4 lazyloaded\" style=\"height: 480px; max-height: 100%; position: absolute; top: 0px; left: 0px; vertical-align: middle; width: 480px; max-width: 100%;\" src=\"https://a.allegroimg.com/original/1126ef/a6f2bcc04010880a33f050fc56d9/Banan-bananowiec-karlowaty-MUSA-jadalne-banany\" sizes=\"(min-width: 1200px) 560px, (min-width: 992px) 50vw, 100vw\" srcset=\"https://a.allegroimg.com/s360/1126ef/a6f2bcc04010880a33f050fc56d9/Banan-bananowiec-karlowaty-MUSA-jadalne-banany 360w,https://a.allegroimg.com/s720/1126ef/a6f2bcc04010880a33f050fc56d9/Banan-bananowiec-karlowaty-MUSA-jadalne-banany 480w,https://a.allegroimg.com/original/1126ef/a6f2bcc04010880a33f050fc56d9/Banan-bananowiec-karlowaty-MUSA-jadalne-banany 480w\" alt=\"Banan bananowiec karłowaty MUSA - jadalne banany\" width=\"480px\" data-src=\"https://a.allegroimg.com/original/1126ef/a6f2bcc04010880a33f050fc56d9/Banan-bananowiec-karlowaty-MUSA-jadalne-banany\" data-srcset=\"https://a.allegroimg.com/s360/1126ef/a6f2bcc04010880a33f050fc56d9/Banan-bananowiec-karlowaty-MUSA-jadalne-banany 360w,https://a.allegroimg.com/s720/1126ef/a6f2bcc04010880a33f050fc56d9/Banan-bananowiec-karlowaty-MUSA-jadalne-banany 480w,https://a.allegroimg.com/original/1126ef/a6f2bcc04010880a33f050fc56d9/Banan-bananowiec-karlowaty-MUSA-jadalne-banany 480w\" /></div>\r\n</div>\r\n</div>\r\n</div>\r\n<div class=\"mp4t_16_s mryx_16_s mr3m_1 mli2_1 mh85_56 mh85_0_l\" style=\"flex: 1 1 auto; margin-top: 16px; margin-bottom: 16px;\">\r\n<div class=\"mgn2_16 _0d3bd_r3bCg\" style=\"font-size: 16px;\">\r\n<p>🍌&nbsp;<strong>Bananowiec karłowaty&nbsp;</strong>(Musa acuminata) - banan we własnym domu?&nbsp;<strong>Od teraz to możliwe!&nbsp;</strong>Atrakcyjna, karłowata odmiana osiąga maksymalnie do 2 metr&oacute;w wysokości (w przeciwieństwie do standardowych odmian dorastających do kilku metr&oacute;w). Nawet bez owoc&oacute;w, liście stanowią duży atut - są niebywale ozdobne!</p>\r\n</div>\r\n</div>\r\n</div>", "publish_date": "2023-01-25T10:08:42.327Z", "modified_date": "2023-01-25T10:08:42.327Z", "category": 10, "author": 1, "image": "Artykuly/rosliny-doniczkowe/bananowiec-karowaty/Banan-bananowiec-karlowaty-MUSA-jadalne-banany.webp"}}, {"model": "dictionary.article", "pk": 7, "fields": {"title": "Calathea lancifolia", "subtitle": "Calathea lancifolia", "slug": "calathea-lancifolia", "content": "<p style=\"color: #222222; font-family: 'Open Sans', sans-serif;\">☘️<strong>&nbsp;MINIATUROWA OZDOBA</strong>:&nbsp; Calathea lancifolia to niezwykła roślina o malowniczych liściach. Jej liście pokryte są nieregularnymi plamkami co dodaje im uroku.</p>\r\n<p style=\"color: #222222; font-family: 'Open Sans', sans-serif;\">☘️<strong>&nbsp; ŁATWA W UPRAWIE</strong>: Calathea nie wymaga skomplikowanych zabieg&oacute;w. Nadaje się nawet dla hobbyst&oacute;w, kt&oacute;rzy dopiero zaczynają swoją przygodę z egzotycznymi roślinami.</p>\r\n<p style=\"color: #222222; font-family: 'Open Sans', sans-serif;\">☘️<strong>&nbsp;ZIELONA</strong>: Jasne zielone liście niezwykle kontrastują z ciemnymi zielonymi plamkami.</p>\r\n<p style=\"color: #222222; font-family: 'Open Sans', sans-serif;\">☘️&nbsp;<strong>KOMPAKTOWA</strong>: Dorasta do ok. 40cm wysokości, zachowując przy tym zwarty pokr&oacute;j.</p>\r\n<p style=\"color: #222222; font-family: 'Open Sans', sans-serif;\">☘️<strong>&nbsp; WIELOLETNIA</strong> :Ta wyjątkowa roślina doniczkowa będzie upiększać Tw&oacute;j dom lub biuro przez wiele lat. Jest bardzo odporna na błędy uprawowe i bezproblemowo rośnie.</p>", "publish_date": "2023-01-25T10:09:59.993Z", "modified_date": "2023-01-25T10:09:59.993Z", "category": 10, "author": 1, "image": "Artykuly/rosliny-doniczkowe/calathea-lancifolia/Calathea-lancifolia-Kalatea-lancetolistna-roz-M.webp"}}, {"model": "dictionary.article", "pk": 8, "fields": {"title": "Śliwa węgierka zwykła", "subtitle": "samopylna", "slug": "sliwa-wegierka-zwyka", "content": "<div class=\"mpof_ki myre_zn myre_8v_l _0d3bd_SI-b1\" style=\"display: flex; flex-direction: column; color: #222222; font-family: 'Open Sans', sans-serif; font-size: 14px;\">\r\n<div class=\"mp4t_16_s mryx_16_s mr3m_1 mli2_1 mh85_56 mh85_0_l\" style=\"flex: 1 1 auto; margin-top: 16px; margin-bottom: 16px;\">\r\n<div class=\"mgn2_16 _0d3bd_r3bCg\" style=\"font-size: 16px;\">\r\n<h1 style=\"line-height: 1.3; font-size: 24px;\">Śliwa WĘGIERKA ZWYKŁA</h1>\r\n<p><strong>Owocowanie: połowa września</strong></p>\r\n<p><strong>Stan: roślina kopana, zabezpieczona na czas dostawy</strong></p>\r\n<p><strong>Podkładka: Ałycza</strong></p>\r\n<p><strong>Wiek sadzonki: 2 letnia</strong></p>\r\n<p><strong>Wysokość: ok. 150 cm</strong></p>\r\n</div>\r\n</div>\r\n</div>\r\n<div class=\"mpof_ki myre_zn myre_8v_l _0d3bd_SI-b1\" style=\"display: flex; flex-direction: column; color: #222222; font-family: 'Open Sans', sans-serif; font-size: 14px;\">\r\n<div class=\"mp4t_16_s mryx_16_s mr3m_1 mli2_1 mh85_56 mh85_0_l\" style=\"flex: 1 1 auto; margin-top: 16px; margin-bottom: 16px;\">\r\n<div class=\"mgn2_16 _0d3bd_r3bCg\" style=\"font-size: 16px;\">\r\n<p><strong>WIĘCEJ INFORMACJI:</strong></p>\r\n<p>Zar&oacute;wno odmiana podstawowa jak i jej typy w okres owocowania zwykle wchodzą dość p&oacute;źno, na og&oacute;ł w 3-4 roku po posadzeniu. Plonują umiarkowanie obficie, lecz corocznie. Na dobrym stanowisku, tj. na żyznej, pr&oacute;chnicznej glebie, bogatej w wodę potrafi owocować bardzo obficie. Kwitnie bardzo p&oacute;źno i jest samopylna, nie wymaga zapylenia obcym pyłkiem. Drzewo rośnie średnio silnie. W pierwszych latach po posadzeniu tworzy koronę stożkowatą, kt&oacute;ra p&oacute;źniej staje się kulistą, umiarkowanie zagęszczoną.</p>\r\n</div>\r\n</div>\r\n</div>", "publish_date": "2023-01-25T10:12:45.631Z", "modified_date": "2023-01-25T10:12:45.631Z", "category": 8, "author": 1, "image": "Artykuly/rosliny-owocowe/sliwa-wegierka-zwyka/Sliwa-WEGIERKA-ZWYKLA-SAMOPYLNA.webp"}}, {"model": "dictionary.article", "pk": 9, "fields": {"title": "Pigwowiec japoński", "subtitle": "z gołym korzeniem", "slug": "pigwowiec-japonski", "content": "<p style=\"color: #222222; font-family: 'Open Sans', sans-serif;\">Pigwowiec&nbsp;należy do rodziny&nbsp;r&oacute;żowatych (Rosaceae)&nbsp;</p>\r\n<p style=\"color: #222222; font-family: 'Open Sans', sans-serif;\">Cierniste, pokładające się pędy.</p>\r\n<p style=\"color: #222222; font-family: 'Open Sans', sans-serif;\">Liście jajowate, ciemnozielone błyszczące.</p>\r\n<p style=\"color: #222222; font-family: 'Open Sans', sans-serif;\">Kwiaty w zależność od odmiany w kolorach od pomarańczu do intensywnej czerwieni, zebrane w grupach po 2 do 4 sztuk.</p>\r\n<p style=\"color: #222222; font-family: 'Open Sans', sans-serif;\">Kwitnie od kwietnia do maja.</p>\r\n<p style=\"color: #222222; font-family: 'Open Sans', sans-serif;\">Owoce dojrzałe mają barwę ż&oacute;łtą, przypominają kształtem małe jabłka, są dość twarde i bardzo aromatyczne.</p>\r\n<p style=\"color: #222222; font-family: 'Open Sans', sans-serif;\">Na szybkie zużycie warto pokroić w plasterki i zasypać cukrem, żeby puściły sok - doskonałe do herbaty jako namiastka cytryny.</p>\r\n<p style=\"color: #222222; font-family: 'Open Sans', sans-serif;\">Owoce pigwowca są bardzo zasobne w witaminę c, garbniki i pektyny. Nadają się na przetwory i nalewki.&nbsp;</p>\r\n<p style=\"color: #222222; font-family: 'Open Sans', sans-serif;\">&nbsp;</p>\r\n<p style=\"color: #222222; font-family: 'Open Sans', sans-serif;\">Wymiary: Wysokość w zależności od odmiany 1-2 m, średnica krzewu około 1,5 m.</p>", "publish_date": "2023-01-25T10:15:16.349Z", "modified_date": "2023-01-25T10:15:16.349Z", "category": 8, "author": 1, "image": "Artykuly/rosliny-owocowe/pigwowiec-japonski/P9-PIGWOWIEC-JAPONSKI-40-CM-WYPRZEDAZ.webp"}}, {"model": "dictionary.article", "pk": 10, "fields": {"title": "Czereśnia ukraińska", "subtitle": "czeresmoa irlaomclsa", "slug": "czeresnia-ukrainska", "content": "<div class=\"mpof_ki myre_zn myre_8v_l _0d3bd_SI-b1\" style=\"display: flex; flex-direction: column; color: #222222; font-family: 'Open Sans', sans-serif; font-size: 14px;\">\r\n<div class=\"mp4t_16_s mryx_16_s mr3m_1 mli2_1 mh85_56 mh85_0_l\" style=\"flex: 1 1 auto; margin-top: 16px; margin-bottom: 16px;\">\r\n<div class=\"mgn2_16 _0d3bd_r3bCg\" style=\"font-size: 16px;\">\r\n<h1 style=\"line-height: 1.3; font-size: 24px;\">CZEREŚNIA UKRAIŃSKA</h1>\r\n<ul>\r\n<li><strong>Forma :&nbsp;roślina kopana- zabezpieczona na czas transportu</strong></li>\r\n<li><strong>Podkładka: Colt</strong></li>\r\n<li><strong>Wiek:&nbsp;2 lata</strong></li>\r\n<li><strong>Wysokość:&nbsp;około 150 cm</strong></li>\r\n<li><strong>Owocowanie: czerwiec</strong></li>\r\n</ul>\r\n</div>\r\n</div>\r\n</div>\r\n<div class=\"mpof_ki myre_zn myre_8v_l _0d3bd_SI-b1\" style=\"display: flex; flex-direction: column; color: #222222; font-family: 'Open Sans', sans-serif; font-size: 14px;\">\r\n<div class=\"mp4t_16_s mryx_16_s mr3m_1 mli2_1 mh85_56 mh85_0_l\" style=\"flex: 1 1 auto; margin-top: 16px; margin-bottom: 16px;\">\r\n<div class=\"mgn2_16 _0d3bd_r3bCg\" style=\"font-size: 16px;\">\r\n<h1 style=\"line-height: 1.3; font-size: 24px;\">Opis odmiany:</h1>\r\n<p>Jest krzyż&oacute;wką czereśni &lsquo;Drogana Ż&oacute;łta&rsquo; x &lsquo;Walerij Czkałow&rsquo;, uzyskaną w Instytucie Sadownictwa w Melitopolu. Drzewo rośnie średnio silnie i tworzy rozłożystą, średnio zagęszczoną koronę plonuje bardzo dobrze i regularnie. Dojrzałość zbiorcza osiąga w czerwcu - piąty tydzień dojrzewania czereśni.<strong>&nbsp;Odmiana wytrzymała na mr&oacute;z i mało podatna na choroby.</strong>&nbsp;Dobrze rośnie na stanowiskach słonecznych, ciepłych, ale nieosłoniętych, na glebach średnio wilgotnych, żyznych.</p>\r\n<p>Owoce:</p>\r\n</div>\r\n</div>\r\n</div>", "publish_date": "2023-01-25T10:16:46.846Z", "modified_date": "2023-01-25T10:16:46.846Z", "category": 8, "author": 1, "image": "Artykuly/rosliny-owocowe/czeresnia-ukrainska/Czeresnia-UKRAINSKA-owoc-GIGANT-EUFORIA-SMAKU.webp"}}, {"model": "dictionary.userplant", "pk": 2, "fields": {"user": 1, "item": 1}}, {"model": "dictionary.userplant", "pk": 3, "fields": {"user": 1, "item": 10}}, {"model": "dictionary.userplant", "pk": 4, "fields": {"user": 1, "item": 9}}, {"model": "dictionary.userplant", "pk": 5, "fields": {"user": 1, "item": 8}}, {"model": "dictionary.userplant", "pk": 6, "fields": {"user": 1, "item": 7}}, {"model": "dictionary.userplant", "pk": 7, "fields": {"user": 1, "item": 6}}, {"model": "dictionary.userplant", "pk": 8, "fields": {"user": 1, "item": 5}}, {"model": "dictionary.userplant", "pk": 9, "fields": {"user": 1, "item": 4}}, {"model": "dictionary.userplant", "pk": 10, "fields": {"user": 1, "item": 2}}, {"model": "dictionary.userplant", "pk": 11, "fields": {"user": 1, "item": 3}}]